,thresh,number,accuracy,F1,recall
0,0,1310,0.961958998,0.959098702,0.856240894
1,0,1310,0.961958998,0.959098702,0.856240894
2,0,1310,0.961958998,0.959098702,0.856240894
3,0,1310,0.961958998,0.959098702,0.856240894
4,0,1310,0.961958998,0.959098702,0.856240894
5,0,1310,0.961958998,0.959098702,0.856240894
6,0,1310,0.961958998,0.959098702,0.856240894
7,0,1310,0.961958998,0.959098702,0.856240894
8,0,1310,0.961958998,0.959098702,0.856240894
9,0,1310,0.961958998,0.959098702,0.856240894
10,0,1310,0.961958998,0.959098702,0.856240894
11,0,1310,0.961958998,0.959098702,0.856240894
12,0,1310,0.961958998,0.959098702,0.856240894
13,0,1310,0.961958998,0.959098702,0.856240894
14,0,1310,0.961958998,0.959098702,0.856240894
15,0,1310,0.961958998,0.959098702,0.856240894
16,0,1310,0.961958998,0.959098702,0.856240894
17,0,1310,0.961958998,0.959098702,0.856240894
18,0,1310,0.961958998,0.959098702,0.856240894
19,0,1310,0.961958998,0.959098702,0.856240894
20,0,1310,0.961958998,0.959098702,0.856240894
21,0,1310,0.961958998,0.959098702,0.856240894
22,0,1310,0.961958998,0.959098702,0.856240894
23,0,1310,0.961958998,0.959098702,0.856240894
24,0,1310,0.961958998,0.959098702,0.856240894
25,0,1310,0.961958998,0.959098702,0.856240894
26,0,1310,0.961958998,0.959098702,0.856240894
27,0,1310,0.961958998,0.959098702,0.856240894
28,0,1310,0.961958998,0.959098702,0.856240894
29,0,1310,0.961958998,0.959098702,0.856240894
30,0,1310,0.961958998,0.959098702,0.856240894
31,0,1310,0.961958998,0.959098702,0.856240894
32,0,1310,0.961958998,0.959098702,0.856240894
33,0,1310,0.961958998,0.959098702,0.856240894
34,0,1310,0.961958998,0.959098702,0.856240894
35,0,1310,0.961958998,0.959098702,0.856240894
36,0,1310,0.961958998,0.959098702,0.856240894
37,0,1310,0.961958998,0.959098702,0.856240894
38,0,1310,0.961958998,0.959098702,0.856240894
39,0,1310,0.961958998,0.959098702,0.856240894
40,0,1310,0.961958998,0.959098702,0.856240894
41,0,1310,0.961958998,0.959098702,0.856240894
42,0,1310,0.961958998,0.959098702,0.856240894
43,0,1310,0.961958998,0.959098702,0.856240894
44,0,1310,0.961958998,0.959098702,0.856240894
45,0,1310,0.961958998,0.959098702,0.856240894
46,0,1310,0.961958998,0.959098702,0.856240894
47,0,1310,0.961958998,0.959098702,0.856240894
48,0,1310,0.961958998,0.959098702,0.856240894
49,0,1310,0.961958998,0.959098702,0.856240894
50,0,1310,0.961958998,0.959098702,0.856240894
51,0,1310,0.961958998,0.959098702,0.856240894
52,0,1310,0.961958998,0.959098702,0.856240894
53,0,1310,0.961958998,0.959098702,0.856240894
54,0,1310,0.961958998,0.959098702,0.856240894
55,0,1310,0.961958998,0.959098702,0.856240894
56,0,1310,0.961958998,0.959098702,0.856240894
57,0,1310,0.961958998,0.959098702,0.856240894
58,0,1310,0.961958998,0.959098702,0.856240894
59,0,1310,0.961958998,0.959098702,0.856240894
60,0,1310,0.961958998,0.959098702,0.856240894
61,0,1310,0.961958998,0.959098702,0.856240894
62,0,1310,0.961958998,0.959098702,0.856240894
63,0,1310,0.961958998,0.959098702,0.856240894
64,0,1310,0.961958998,0.959098702,0.856240894
65,0,1310,0.961958998,0.959098702,0.856240894
66,0,1310,0.961958998,0.959098702,0.856240894
67,0,1310,0.961958998,0.959098702,0.856240894
68,0,1310,0.961958998,0.959098702,0.856240894
69,0,1310,0.961958998,0.959098702,0.856240894
70,0,1310,0.961958998,0.959098702,0.856240894
71,0,1310,0.961958998,0.959098702,0.856240894
72,0,1310,0.961958998,0.959098702,0.856240894
73,0,1310,0.961958998,0.959098702,0.856240894
74,0,1310,0.961958998,0.959098702,0.856240894
75,0,1310,0.961958998,0.959098702,0.856240894
76,0,1310,0.961958998,0.959098702,0.856240894
77,0,1310,0.961958998,0.959098702,0.856240894
78,0,1310,0.961958998,0.959098702,0.856240894
79,0,1310,0.961958998,0.959098702,0.856240894
80,0,1310,0.961958998,0.959098702,0.856240894
81,0,1310,0.961958998,0.959098702,0.856240894
82,0,1310,0.961958998,0.959098702,0.856240894
83,0,1310,0.961958998,0.959098702,0.856240894
84,0,1310,0.961958998,0.959098702,0.856240894
85,0,1310,0.961958998,0.959098702,0.856240894
86,0,1310,0.961958998,0.959098702,0.856240894
87,0,1310,0.961958998,0.959098702,0.856240894
88,0,1310,0.961958998,0.959098702,0.856240894
89,0,1310,0.961958998,0.959098702,0.856240894
90,0,1310,0.961958998,0.959098702,0.856240894
91,0,1310,0.961958998,0.959098702,0.856240894
92,0,1310,0.961958998,0.959098702,0.856240894
93,0,1310,0.961958998,0.959098702,0.856240894
94,0,1310,0.961958998,0.959098702,0.856240894
95,0,1310,0.961958998,0.959098702,0.856240894
96,0,1310,0.961958998,0.959098702,0.856240894
97,0,1310,0.961958998,0.959098702,0.856240894
98,0,1310,0.961958998,0.959098702,0.856240894
99,0,1310,0.961958998,0.959098702,0.856240894
100,0,1310,0.961958998,0.959098702,0.856240894
101,0,1310,0.961958998,0.959098702,0.856240894
102,0,1310,0.961958998,0.959098702,0.856240894
103,0,1310,0.961958998,0.959098702,0.856240894
104,0,1310,0.961958998,0.959098702,0.856240894
105,0,1310,0.961958998,0.959098702,0.856240894
106,0,1310,0.961958998,0.959098702,0.856240894
107,0,1310,0.961958998,0.959098702,0.856240894
108,0,1310,0.961958998,0.959098702,0.856240894
109,0,1310,0.961958998,0.959098702,0.856240894
110,0,1310,0.961958998,0.959098702,0.856240894
111,0,1310,0.961958998,0.959098702,0.856240894
112,0,1310,0.961958998,0.959098702,0.856240894
113,0,1310,0.961958998,0.959098702,0.856240894
114,0,1310,0.961958998,0.959098702,0.856240894
115,0,1310,0.961958998,0.959098702,0.856240894
116,0,1310,0.961958998,0.959098702,0.856240894
117,0,1310,0.961958998,0.959098702,0.856240894
118,0,1310,0.961958998,0.959098702,0.856240894
119,0,1310,0.961958998,0.959098702,0.856240894
120,0,1310,0.961958998,0.959098702,0.856240894
121,0,1310,0.961958998,0.959098702,0.856240894
122,0,1310,0.961958998,0.959098702,0.856240894
123,0,1310,0.961958998,0.959098702,0.856240894
124,0,1310,0.961958998,0.959098702,0.856240894
125,0,1310,0.961958998,0.959098702,0.856240894
126,0,1310,0.961958998,0.959098702,0.856240894
127,0,1310,0.961958998,0.959098702,0.856240894
128,0,1310,0.961958998,0.959098702,0.856240894
129,0,1310,0.961958998,0.959098702,0.856240894
130,0,1310,0.961958998,0.959098702,0.856240894
131,0,1310,0.961958998,0.959098702,0.856240894
132,0,1310,0.961958998,0.959098702,0.856240894
133,0,1310,0.961958998,0.959098702,0.856240894
134,0,1310,0.961958998,0.959098702,0.856240894
135,0,1310,0.961958998,0.959098702,0.856240894
136,0,1310,0.961958998,0.959098702,0.856240894
137,0,1310,0.961958998,0.959098702,0.856240894
138,0,1310,0.961958998,0.959098702,0.856240894
139,0,1310,0.961958998,0.959098702,0.856240894
140,0,1310,0.961958998,0.959098702,0.856240894
141,0,1310,0.961958998,0.959098702,0.856240894
142,0,1310,0.961958998,0.959098702,0.856240894
143,0,1310,0.961958998,0.959098702,0.856240894
144,0,1310,0.961958998,0.959098702,0.856240894
145,0,1310,0.961958998,0.959098702,0.856240894
146,0,1310,0.961958998,0.959098702,0.856240894
147,0,1310,0.961958998,0.959098702,0.856240894
148,0,1310,0.961958998,0.959098702,0.856240894
149,0,1310,0.961958998,0.959098702,0.856240894
150,0,1310,0.961958998,0.959098702,0.856240894
151,0,1310,0.961958998,0.959098702,0.856240894
152,0,1310,0.961958998,0.959098702,0.856240894
153,0,1310,0.961958998,0.959098702,0.856240894
154,0,1310,0.961958998,0.959098702,0.856240894
155,0,1310,0.961958998,0.959098702,0.856240894
156,0,1310,0.961958998,0.959098702,0.856240894
157,0,1310,0.961958998,0.959098702,0.856240894
158,0,1310,0.961958998,0.959098702,0.856240894
159,0,1310,0.961958998,0.959098702,0.856240894
160,0,1310,0.961958998,0.959098702,0.856240894
161,0,1310,0.961958998,0.959098702,0.856240894
162,0,1310,0.961958998,0.959098702,0.856240894
163,0,1310,0.961958998,0.959098702,0.856240894
164,0,1310,0.961958998,0.959098702,0.856240894
165,0,1310,0.961958998,0.959098702,0.856240894
166,0,1310,0.961958998,0.959098702,0.856240894
167,0,1310,0.961958998,0.959098702,0.856240894
168,0,1310,0.961958998,0.959098702,0.856240894
169,0,1310,0.961958998,0.959098702,0.856240894
170,0,1310,0.961958998,0.959098702,0.856240894
171,0,1310,0.961958998,0.959098702,0.856240894
172,0,1310,0.961958998,0.959098702,0.856240894
173,0,1310,0.961958998,0.959098702,0.856240894
174,0,1310,0.961958998,0.959098702,0.856240894
175,0,1310,0.961958998,0.959098702,0.856240894
176,0,1310,0.961958998,0.959098702,0.856240894
177,0,1310,0.961958998,0.959098702,0.856240894
178,0,1310,0.961958998,0.959098702,0.856240894
179,0,1310,0.961958998,0.959098702,0.856240894
180,0,1310,0.961958998,0.959098702,0.856240894
181,0,1310,0.961958998,0.959098702,0.856240894
182,0,1310,0.961958998,0.959098702,0.856240894
183,0,1310,0.961958998,0.959098702,0.856240894
184,0,1310,0.961958998,0.959098702,0.856240894
185,0,1310,0.961958998,0.959098702,0.856240894
186,0,1310,0.961958998,0.959098702,0.856240894
187,0,1310,0.961958998,0.959098702,0.856240894
188,0,1310,0.961958998,0.959098702,0.856240894
189,0,1310,0.961958998,0.959098702,0.856240894
190,0,1310,0.961958998,0.959098702,0.856240894
191,0,1310,0.961958998,0.959098702,0.856240894
192,0,1310,0.961958998,0.959098702,0.856240894
193,0,1310,0.961958998,0.959098702,0.856240894
194,0,1310,0.961958998,0.959098702,0.856240894
195,0,1310,0.961958998,0.959098702,0.856240894
196,0,1310,0.961958998,0.959098702,0.856240894
197,0,1310,0.961958998,0.959098702,0.856240894
198,0,1310,0.961958998,0.959098702,0.856240894
199,0,1310,0.961958998,0.959098702,0.856240894
200,0,1310,0.961958998,0.959098702,0.856240894
201,0,1310,0.961958998,0.959098702,0.856240894
202,0,1310,0.961958998,0.959098702,0.856240894
203,0,1310,0.961958998,0.959098702,0.856240894
204,0,1310,0.961958998,0.959098702,0.856240894
205,0,1310,0.961958998,0.959098702,0.856240894
206,0,1310,0.961958998,0.959098702,0.856240894
207,0,1310,0.961958998,0.959098702,0.856240894
208,0,1310,0.961958998,0.959098702,0.856240894
209,0,1310,0.961958998,0.959098702,0.856240894
210,0,1310,0.961958998,0.959098702,0.856240894
211,0,1310,0.961958998,0.959098702,0.856240894
212,0,1310,0.961958998,0.959098702,0.856240894
213,0,1310,0.961958998,0.959098702,0.856240894
214,0,1310,0.961958998,0.959098702,0.856240894
215,0,1310,0.961958998,0.959098702,0.856240894
216,0,1310,0.961958998,0.959098702,0.856240894
217,0,1310,0.961958998,0.959098702,0.856240894
218,0,1310,0.961958998,0.959098702,0.856240894
219,0,1310,0.961958998,0.959098702,0.856240894
220,0,1310,0.961958998,0.959098702,0.856240894
221,0,1310,0.961958998,0.959098702,0.856240894
222,0,1310,0.961958998,0.959098702,0.856240894
223,0,1310,0.961958998,0.959098702,0.856240894
224,0,1310,0.961958998,0.959098702,0.856240894
225,0,1310,0.961958998,0.959098702,0.856240894
226,0,1310,0.961958998,0.959098702,0.856240894
227,0,1310,0.961958998,0.959098702,0.856240894
228,0,1310,0.961958998,0.959098702,0.856240894
229,0,1310,0.961958998,0.959098702,0.856240894
230,0,1310,0.961958998,0.959098702,0.856240894
231,0,1310,0.961958998,0.959098702,0.856240894
232,0,1310,0.961958998,0.959098702,0.856240894
233,0,1310,0.961958998,0.959098702,0.856240894
234,0,1310,0.961958998,0.959098702,0.856240894
235,0,1310,0.961958998,0.959098702,0.856240894
236,0,1310,0.961958998,0.959098702,0.856240894
237,0,1310,0.961958998,0.959098702,0.856240894
238,0,1310,0.961958998,0.959098702,0.856240894
239,0,1310,0.961958998,0.959098702,0.856240894
240,0,1310,0.961958998,0.959098702,0.856240894
241,0,1310,0.961958998,0.959098702,0.856240894
242,0,1310,0.961958998,0.959098702,0.856240894
243,0,1310,0.961958998,0.959098702,0.856240894
244,0,1310,0.961958998,0.959098702,0.856240894
245,0,1310,0.961958998,0.959098702,0.856240894
246,0,1310,0.961958998,0.959098702,0.856240894
247,0,1310,0.961958998,0.959098702,0.856240894
248,0,1310,0.961958998,0.959098702,0.856240894
249,0,1310,0.961958998,0.959098702,0.856240894
250,0,1310,0.961958998,0.959098702,0.856240894
251,0,1310,0.961958998,0.959098702,0.856240894
252,0,1310,0.961958998,0.959098702,0.856240894
253,0,1310,0.961958998,0.959098702,0.856240894
254,0,1310,0.961958998,0.959098702,0.856240894
255,0,1310,0.961958998,0.959098702,0.856240894
256,0,1310,0.961958998,0.959098702,0.856240894
257,0,1310,0.961958998,0.959098702,0.856240894
258,0,1310,0.961958998,0.959098702,0.856240894
259,0,1310,0.961958998,0.959098702,0.856240894
260,0,1310,0.961958998,0.959098702,0.856240894
261,0,1310,0.961958998,0.959098702,0.856240894
262,0,1310,0.961958998,0.959098702,0.856240894
263,0,1310,0.961958998,0.959098702,0.856240894
264,0,1310,0.961958998,0.959098702,0.856240894
265,0,1310,0.961958998,0.959098702,0.856240894
266,0,1310,0.961958998,0.959098702,0.856240894
267,0,1310,0.961958998,0.959098702,0.856240894
268,0,1310,0.961958998,0.959098702,0.856240894
269,0,1310,0.961958998,0.959098702,0.856240894
270,0,1310,0.961958998,0.959098702,0.856240894
271,0,1310,0.961958998,0.959098702,0.856240894
272,0,1310,0.961958998,0.959098702,0.856240894
273,0,1310,0.961958998,0.959098702,0.856240894
274,0,1310,0.961958998,0.959098702,0.856240894
275,0,1310,0.961958998,0.959098702,0.856240894
276,0,1310,0.961958998,0.959098702,0.856240894
277,0,1310,0.961958998,0.959098702,0.856240894
278,0,1310,0.961958998,0.959098702,0.856240894
279,0,1310,0.961958998,0.959098702,0.856240894
280,0,1310,0.961958998,0.959098702,0.856240894
281,0,1310,0.961958998,0.959098702,0.856240894
282,0,1310,0.961958998,0.959098702,0.856240894
283,0,1310,0.961958998,0.959098702,0.856240894
284,0,1310,0.961958998,0.959098702,0.856240894
285,0,1310,0.961958998,0.959098702,0.856240894
286,0,1310,0.961958998,0.959098702,0.856240894
287,0,1310,0.961958998,0.959098702,0.856240894
288,0,1310,0.961958998,0.959098702,0.856240894
289,0,1310,0.961958998,0.959098702,0.856240894
290,0,1310,0.961958998,0.959098702,0.856240894
291,0,1310,0.961958998,0.959098702,0.856240894
292,0,1310,0.961958998,0.959098702,0.856240894
293,0,1310,0.961958998,0.959098702,0.856240894
294,0,1310,0.961958998,0.959098702,0.856240894
295,0,1310,0.961958998,0.959098702,0.856240894
296,0,1310,0.961958998,0.959098702,0.856240894
297,0,1310,0.961958998,0.959098702,0.856240894
298,0,1310,0.961958998,0.959098702,0.856240894
299,0,1310,0.961958998,0.959098702,0.856240894
300,0,1310,0.961958998,0.959098702,0.856240894
301,0,1310,0.961958998,0.959098702,0.856240894
302,0,1310,0.961958998,0.959098702,0.856240894
303,0,1310,0.961958998,0.959098702,0.856240894
304,0,1310,0.961958998,0.959098702,0.856240894
305,0,1310,0.961958998,0.959098702,0.856240894
306,0,1310,0.961958998,0.959098702,0.856240894
307,0,1310,0.961958998,0.959098702,0.856240894
308,0,1310,0.961958998,0.959098702,0.856240894
309,0,1310,0.961958998,0.959098702,0.856240894
310,0,1310,0.961958998,0.959098702,0.856240894
311,0,1310,0.961958998,0.959098702,0.856240894
312,0,1310,0.961958998,0.959098702,0.856240894
313,0,1310,0.961958998,0.959098702,0.856240894
314,0,1310,0.961958998,0.959098702,0.856240894
315,0,1310,0.961958998,0.959098702,0.856240894
316,0,1310,0.961958998,0.959098702,0.856240894
317,0,1310,0.961958998,0.959098702,0.856240894
318,0,1310,0.961958998,0.959098702,0.856240894
319,0,1310,0.961958998,0.959098702,0.856240894
320,0,1310,0.961958998,0.959098702,0.856240894
321,0,1310,0.961958998,0.959098702,0.856240894
322,0,1310,0.961958998,0.959098702,0.856240894
323,0,1310,0.961958998,0.959098702,0.856240894
324,0,1310,0.961958998,0.959098702,0.856240894
325,0,1310,0.961958998,0.959098702,0.856240894
326,0,1310,0.961958998,0.959098702,0.856240894
327,0,1310,0.961958998,0.959098702,0.856240894
328,0,1310,0.961958998,0.959098702,0.856240894
329,0,1310,0.961958998,0.959098702,0.856240894
330,0,1310,0.961958998,0.959098702,0.856240894
331,0,1310,0.961958998,0.959098702,0.856240894
332,0,1310,0.961958998,0.959098702,0.856240894
333,0,1310,0.961958998,0.959098702,0.856240894
334,0,1310,0.961958998,0.959098702,0.856240894
335,0,1310,0.961958998,0.959098702,0.856240894
336,0,1310,0.961958998,0.959098702,0.856240894
337,0,1310,0.961958998,0.959098702,0.856240894
338,0,1310,0.961958998,0.959098702,0.856240894
339,0,1310,0.961958998,0.959098702,0.856240894
340,0,1310,0.961958998,0.959098702,0.856240894
341,0,1310,0.961958998,0.959098702,0.856240894
342,0,1310,0.961958998,0.959098702,0.856240894
343,0,1310,0.961958998,0.959098702,0.856240894
344,0,1310,0.961958998,0.959098702,0.856240894
345,0,1310,0.961958998,0.959098702,0.856240894
346,0,1310,0.961958998,0.959098702,0.856240894
347,0,1310,0.961958998,0.959098702,0.856240894
348,0,1310,0.961958998,0.959098702,0.856240894
349,0,1310,0.961958998,0.959098702,0.856240894
350,0,1310,0.961958998,0.959098702,0.856240894
351,0,1310,0.961958998,0.959098702,0.856240894
352,0,1310,0.961958998,0.959098702,0.856240894
353,0,1310,0.961958998,0.959098702,0.856240894
354,0,1310,0.961958998,0.959098702,0.856240894
355,0,1310,0.961958998,0.959098702,0.856240894
356,0,1310,0.961958998,0.959098702,0.856240894
357,0,1310,0.961958998,0.959098702,0.856240894
358,0,1310,0.961958998,0.959098702,0.856240894
359,0,1310,0.961958998,0.959098702,0.856240894
360,0,1310,0.961958998,0.959098702,0.856240894
361,0,1310,0.961958998,0.959098702,0.856240894
362,0,1310,0.961958998,0.959098702,0.856240894
363,0,1310,0.961958998,0.959098702,0.856240894
364,0,1310,0.961958998,0.959098702,0.856240894
365,0,1310,0.961958998,0.959098702,0.856240894
366,0,1310,0.961958998,0.959098702,0.856240894
367,0,1310,0.961958998,0.959098702,0.856240894
368,0,1310,0.961958998,0.959098702,0.856240894
369,0,1310,0.961958998,0.959098702,0.856240894
370,0,1310,0.961958998,0.959098702,0.856240894
371,0,1310,0.961958998,0.959098702,0.856240894
372,0,1310,0.961958998,0.959098702,0.856240894
373,0,1310,0.961958998,0.959098702,0.856240894
374,0,1310,0.961958998,0.959098702,0.856240894
375,0,1310,0.961958998,0.959098702,0.856240894
376,0,1310,0.961958998,0.959098702,0.856240894
377,0,1310,0.961958998,0.959098702,0.856240894
378,0,1310,0.961958998,0.959098702,0.856240894
379,0,1310,0.961958998,0.959098702,0.856240894
380,0,1310,0.961958998,0.959098702,0.856240894
381,0,1310,0.961958998,0.959098702,0.856240894
382,0,1310,0.961958998,0.959098702,0.856240894
383,0,1310,0.961958998,0.959098702,0.856240894
384,0,1310,0.961958998,0.959098702,0.856240894
385,0,1310,0.961958998,0.959098702,0.856240894
386,0,1310,0.961958998,0.959098702,0.856240894
387,0,1310,0.961958998,0.959098702,0.856240894
388,0,1310,0.961958998,0.959098702,0.856240894
389,0,1310,0.961958998,0.959098702,0.856240894
390,0,1310,0.961958998,0.959098702,0.856240894
391,0,1310,0.961958998,0.959098702,0.856240894
392,0,1310,0.961958998,0.959098702,0.856240894
393,0,1310,0.961958998,0.959098702,0.856240894
394,0,1310,0.961958998,0.959098702,0.856240894
395,0,1310,0.961958998,0.959098702,0.856240894
396,0,1310,0.961958998,0.959098702,0.856240894
397,0,1310,0.961958998,0.959098702,0.856240894
398,0,1310,0.961958998,0.959098702,0.856240894
399,0,1310,0.961958998,0.959098702,0.856240894
400,0,1310,0.961958998,0.959098702,0.856240894
401,0,1310,0.961958998,0.959098702,0.856240894
402,0,1310,0.961958998,0.959098702,0.856240894
403,0,1310,0.961958998,0.959098702,0.856240894
404,0,1310,0.961958998,0.959098702,0.856240894
405,0,1310,0.961958998,0.959098702,0.856240894
406,0,1310,0.961958998,0.959098702,0.856240894
407,0,1310,0.961958998,0.959098702,0.856240894
408,0,1310,0.961958998,0.959098702,0.856240894
409,0,1310,0.961958998,0.959098702,0.856240894
410,0,1310,0.961958998,0.959098702,0.856240894
411,0,1310,0.961958998,0.959098702,0.856240894
412,0,1310,0.961958998,0.959098702,0.856240894
413,0,1310,0.961958998,0.959098702,0.856240894
414,0,1310,0.961958998,0.959098702,0.856240894
415,0,1310,0.961958998,0.959098702,0.856240894
416,0,1310,0.961958998,0.959098702,0.856240894
417,0,1310,0.961958998,0.959098702,0.856240894
418,0,1310,0.961958998,0.959098702,0.856240894
419,0,1310,0.961958998,0.959098702,0.856240894
420,0,1310,0.961958998,0.959098702,0.856240894
421,0,1310,0.961958998,0.959098702,0.856240894
422,0,1310,0.961958998,0.959098702,0.856240894
423,0,1310,0.961958998,0.959098702,0.856240894
424,0,1310,0.961958998,0.959098702,0.856240894
425,0,1310,0.961958998,0.959098702,0.856240894
426,0,1310,0.961958998,0.959098702,0.856240894
427,0,1310,0.961958998,0.959098702,0.856240894
428,0,1310,0.961958998,0.959098702,0.856240894
429,0,1310,0.961958998,0.959098702,0.856240894
430,0,1310,0.961958998,0.959098702,0.856240894
431,0,1310,0.961958998,0.959098702,0.856240894
432,0,1310,0.961958998,0.959098702,0.856240894
433,0,1310,0.961958998,0.959098702,0.856240894
434,0,1310,0.961958998,0.959098702,0.856240894
435,0,1310,0.961958998,0.959098702,0.856240894
436,0,1310,0.961958998,0.959098702,0.856240894
437,0,1310,0.961958998,0.959098702,0.856240894
438,0,1310,0.961958998,0.959098702,0.856240894
439,0,1310,0.961958998,0.959098702,0.856240894
440,0,1310,0.961958998,0.959098702,0.856240894
441,0,1310,0.961958998,0.959098702,0.856240894
442,0,1310,0.961958998,0.959098702,0.856240894
443,0,1310,0.961958998,0.959098702,0.856240894
444,0,1310,0.961958998,0.959098702,0.856240894
445,0,1310,0.961958998,0.959098702,0.856240894
446,0,1310,0.961958998,0.959098702,0.856240894
447,0,1310,0.961958998,0.959098702,0.856240894
448,0,1310,0.961958998,0.959098702,0.856240894
449,0,1310,0.961958998,0.959098702,0.856240894
450,0,1310,0.961958998,0.959098702,0.856240894
451,0,1310,0.961958998,0.959098702,0.856240894
452,0,1310,0.961958998,0.959098702,0.856240894
453,0,1310,0.961958998,0.959098702,0.856240894
454,0,1310,0.961958998,0.959098702,0.856240894
455,0,1310,0.961958998,0.959098702,0.856240894
456,0,1310,0.961958998,0.959098702,0.856240894
457,0,1310,0.961958998,0.959098702,0.856240894
458,0,1310,0.961958998,0.959098702,0.856240894
459,0,1310,0.961958998,0.959098702,0.856240894
460,0,1310,0.961958998,0.959098702,0.856240894
461,0,1310,0.961958998,0.959098702,0.856240894
462,0,1310,0.961958998,0.959098702,0.856240894
463,0,1310,0.961958998,0.959098702,0.856240894
464,0,1310,0.961958998,0.959098702,0.856240894
465,0,1310,0.961958998,0.959098702,0.856240894
466,0,1310,0.961958998,0.959098702,0.856240894
467,0,1310,0.961958998,0.959098702,0.856240894
468,0,1310,0.961958998,0.959098702,0.856240894
469,0,1310,0.961958998,0.959098702,0.856240894
470,0,1310,0.961958998,0.959098702,0.856240894
471,0,1310,0.961958998,0.959098702,0.856240894
472,0,1310,0.961958998,0.959098702,0.856240894
473,0,1310,0.961958998,0.959098702,0.856240894
474,0,1310,0.961958998,0.959098702,0.856240894
475,0,1310,0.961958998,0.959098702,0.856240894
476,0,1310,0.961958998,0.959098702,0.856240894
477,0,1310,0.961958998,0.959098702,0.856240894
478,0,1310,0.961958998,0.959098702,0.856240894
479,0,1310,0.961958998,0.959098702,0.856240894
480,0,1310,0.961958998,0.959098702,0.856240894
481,0,1310,0.961958998,0.959098702,0.856240894
482,0,1310,0.961958998,0.959098702,0.856240894
483,0,1310,0.961958998,0.959098702,0.856240894
484,0,1310,0.961958998,0.959098702,0.856240894
485,0,1310,0.961958998,0.959098702,0.856240894
486,0,1310,0.961958998,0.959098702,0.856240894
487,0,1310,0.961958998,0.959098702,0.856240894
488,0,1310,0.961958998,0.959098702,0.856240894
489,0,1310,0.961958998,0.959098702,0.856240894
490,0,1310,0.961958998,0.959098702,0.856240894
491,0,1310,0.961958998,0.959098702,0.856240894
492,0,1310,0.961958998,0.959098702,0.856240894
493,0,1310,0.961958998,0.959098702,0.856240894
494,0,1310,0.961958998,0.959098702,0.856240894
495,0,1310,0.961958998,0.959098702,0.856240894
496,0,1310,0.961958998,0.959098702,0.856240894
497,0,1310,0.961958998,0.959098702,0.856240894
498,0,1310,0.961958998,0.959098702,0.856240894
499,0,1310,0.961958998,0.959098702,0.856240894
500,0,1310,0.961958998,0.959098702,0.856240894
501,0,1310,0.961958998,0.959098702,0.856240894
502,0,1310,0.961958998,0.959098702,0.856240894
503,0,1310,0.961958998,0.959098702,0.856240894
504,0,1310,0.961958998,0.959098702,0.856240894
505,0,1310,0.961958998,0.959098702,0.856240894
506,0,1310,0.961958998,0.959098702,0.856240894
507,0,1310,0.961958998,0.959098702,0.856240894
508,0,1310,0.961958998,0.959098702,0.856240894
509,0,1310,0.961958998,0.959098702,0.856240894
510,0,1310,0.961958998,0.959098702,0.856240894
511,0,1310,0.961958998,0.959098702,0.856240894
512,0,1310,0.961958998,0.959098702,0.856240894
513,0,1310,0.961958998,0.959098702,0.856240894
514,0,1310,0.961958998,0.959098702,0.856240894
515,0,1310,0.961958998,0.959098702,0.856240894
516,0,1310,0.961958998,0.959098702,0.856240894
517,0,1310,0.961958998,0.959098702,0.856240894
518,0,1310,0.961958998,0.959098702,0.856240894
519,0,1310,0.961958998,0.959098702,0.856240894
520,0,1310,0.961958998,0.959098702,0.856240894
521,0,1310,0.961958998,0.959098702,0.856240894
522,0,1310,0.961958998,0.959098702,0.856240894
523,0,1310,0.961958998,0.959098702,0.856240894
524,0,1310,0.961958998,0.959098702,0.856240894
525,0,1310,0.961958998,0.959098702,0.856240894
526,0,1310,0.961958998,0.959098702,0.856240894
527,0,1310,0.961958998,0.959098702,0.856240894
528,0,1310,0.961958998,0.959098702,0.856240894
529,0,1310,0.961958998,0.959098702,0.856240894
530,0,1310,0.961958998,0.959098702,0.856240894
531,0,1310,0.961958998,0.959098702,0.856240894
532,0,1310,0.961958998,0.959098702,0.856240894
533,0,1310,0.961958998,0.959098702,0.856240894
534,0,1310,0.961958998,0.959098702,0.856240894
535,0,1310,0.961958998,0.959098702,0.856240894
536,0,1310,0.961958998,0.959098702,0.856240894
537,0,1310,0.961958998,0.959098702,0.856240894
538,0,1310,0.961958998,0.959098702,0.856240894
539,0,1310,0.961958998,0.959098702,0.856240894
540,0,1310,0.961958998,0.959098702,0.856240894
541,0,1310,0.961958998,0.959098702,0.856240894
542,0,1310,0.961958998,0.959098702,0.856240894
543,0,1310,0.961958998,0.959098702,0.856240894
544,0,1310,0.961958998,0.959098702,0.856240894
545,0,1310,0.961958998,0.959098702,0.856240894
546,0,1310,0.961958998,0.959098702,0.856240894
547,0,1310,0.961958998,0.959098702,0.856240894
548,0,1310,0.961958998,0.959098702,0.856240894
549,0,1310,0.961958998,0.959098702,0.856240894
550,0,1310,0.961958998,0.959098702,0.856240894
551,0,1310,0.961958998,0.959098702,0.856240894
552,0,1310,0.961958998,0.959098702,0.856240894
553,0,1310,0.961958998,0.959098702,0.856240894
554,0,1310,0.961958998,0.959098702,0.856240894
555,0,1310,0.961958998,0.959098702,0.856240894
556,0,1310,0.961958998,0.959098702,0.856240894
557,0,1310,0.961958998,0.959098702,0.856240894
558,0,1310,0.961958998,0.959098702,0.856240894
559,0,1310,0.961958998,0.959098702,0.856240894
560,0,1310,0.961958998,0.959098702,0.856240894
561,0,1310,0.961958998,0.959098702,0.856240894
562,0,1310,0.961958998,0.959098702,0.856240894
563,0,1310,0.961958998,0.959098702,0.856240894
564,0,1310,0.961958998,0.959098702,0.856240894
565,0,1310,0.961958998,0.959098702,0.856240894
566,0,1310,0.961958998,0.959098702,0.856240894
567,0,1310,0.961958998,0.959098702,0.856240894
568,0,1310,0.961958998,0.959098702,0.856240894
569,0,1310,0.961958998,0.959098702,0.856240894
570,0,1310,0.961958998,0.959098702,0.856240894
571,0,1310,0.961958998,0.959098702,0.856240894
572,0,1310,0.961958998,0.959098702,0.856240894
573,0,1310,0.961958998,0.959098702,0.856240894
574,0,1310,0.961958998,0.959098702,0.856240894
575,0,1310,0.961958998,0.959098702,0.856240894
576,0,1310,0.961958998,0.959098702,0.856240894
577,0,1310,0.961958998,0.959098702,0.856240894
578,0,1310,0.961958998,0.959098702,0.856240894
579,8.17E-06,731,0.957630979,0.954678363,0.856240894
580,9.18E-06,730,0.957630979,0.954656265,0.856240894
581,1.65E-05,729,0.958997722,0.95599022,0.856240894
582,1.87E-05,728,0.958997722,0.95599022,0.856240894
583,2.57E-05,727,0.958997722,0.95599022,0.856240894
584,2.60E-05,726,0.958997722,0.95599022,0.856240894
585,4.05E-05,725,0.958997722,0.95599022,0.856240894
586,4.09E-05,724,0.95808656,0.954968184,0.856240894
587,4.39E-05,723,0.957175399,0.954123963,0.856240894
588,5.92E-05,722,0.957175399,0.954123963,0.856240894
589,7.47E-05,721,0.957175399,0.954123963,0.856240894
590,7.72E-05,720,0.957175399,0.954123963,0.856240894
591,8.12E-05,719,0.957175399,0.954123963,0.856240894
592,8.19E-05,718,0.95808656,0.955012225,0.856240894
593,8.26E-05,717,0.957175399,0.95407914,0.856240894
594,8.90E-05,716,0.957630979,0.954456415,0.856240894
595,9.74E-05,715,0.957630979,0.954456415,0.856240894
596,0.0001016,714,0.957630979,0.954456415,0.856240894
597,0.000103538,713,0.957630979,0.954456415,0.856240894
598,0.000108474,712,0.959681093,0.956713133,0.856240894
599,0.000110491,711,0.959681093,0.956713133,0.856240894
600,0.000111276,710,0.959225513,0.956288156,0.856240894
601,0.000118989,709,0.959908884,0.956926089,0.856240894
602,0.000122306,708,0.959908884,0.956926089,0.856240894
603,0.000122415,707,0.959908884,0.956926089,0.856240894
604,0.000123905,706,0.959908884,0.956926089,0.856240894
605,0.000130276,705,0.959908884,0.956926089,0.856240894
606,0.00013175,704,0.959908884,0.956926089,0.856240894
607,0.000134468,703,0.959908884,0.956926089,0.856240894
608,0.0001345,702,0.959908884,0.956926089,0.856240894
609,0.00013849,701,0.958314351,0.955289519,0.856240894
610,0.000147266,700,0.958314351,0.955289519,0.856240894
611,0.000155929,699,0.957403189,0.95431224,0.856240894
612,0.000157013,698,0.959225513,0.956224016,0.856240894
613,0.000160317,697,0.959225513,0.956224016,0.856240894
614,0.000174645,696,0.958542141,0.955522972,0.856240894
615,0.000189424,695,0.95808656,0.955121951,0.856240894
616,0.000189903,694,0.961275626,0.958475818,0.856240894
617,0.000191943,693,0.958997722,0.956054688,0.856240894
618,0.000194772,692,0.958314351,0.955267661,0.856240894
619,0.000194896,691,0.960136674,0.957264957,0.856240894
620,0.000197435,690,0.960136674,0.957264957,0.856240894
621,0.000198099,689,0.960136674,0.957264957,0.856240894
622,0.000200155,688,0.961731207,0.958944282,0.856240894
623,0.00020704,687,0.959225513,0.956159687,0.856240894
624,0.000209553,686,0.959225513,0.956159687,0.856240894
625,0.000211272,685,0.960592255,0.957732714,0.856240894
626,0.000213435,684,0.959453303,0.956542969,0.856240894
627,0.000214794,683,0.959453303,0.956542969,0.856240894
628,0.00021493,682,0.959453303,0.956542969,0.856240894
629,0.00021787,681,0.962414579,0.959667563,0.856240894
630,0.000218152,680,0.961047836,0.95807796,0.856240894
631,0.000219419,679,0.961047836,0.95807796,0.856240894
632,0.000219965,678,0.958997722,0.95601173,0.856240894
633,0.000220665,677,0.957403189,0.95431224,0.856240894
634,0.000223849,676,0.958997722,0.956033219,0.856240894
635,0.000228079,675,0.958314351,0.955311355,0.856240894
636,0.000229081,674,0.959453303,0.956479218,0.856240894
637,0.00023036,673,0.959453303,0.956479218,0.856240894
638,0.000231723,672,0.960136674,0.95720225,0.856240894
639,0.00023311,671,0.960136674,0.95720225,0.856240894
640,0.000239228,670,0.95808656,0.955012225,0.856240894
641,0.000244125,669,0.957403189,0.954356846,0.856240894
642,0.000244333,668,0.957403189,0.954356846,0.856240894
643,0.000246879,667,0.957403189,0.954356846,0.856240894
644,0.000248814,666,0.961503417,0.958649376,0.856240894
645,0.000249497,665,0.959225513,0.956202594,0.856240894
646,0.000249968,664,0.959225513,0.956202594,0.856240894
647,0.000255528,663,0.959225513,0.956245417,0.856240894
648,0.000259404,662,0.959225513,0.956202594,0.856240894
649,0.000260252,661,0.957175399,0.954056696,0.856240894
650,0.000260783,660,0.959681093,0.956797657,0.856240894
651,0.000260818,659,0.95808656,0.955078125,0.856240894
652,0.000261383,658,0.961275626,0.958475818,0.856240894
653,0.000262496,657,0.961275626,0.958475818,0.856240894
654,0.000262641,656,0.958997722,0.956054688,0.856240894
655,0.000265136,655,0.959453303,0.956542969,0.856240894
656,0.000265483,654,0.959453303,0.956436613,0.856240894
657,0.000267041,653,0.95785877,0.954845009,0.856240894
658,0.000267176,652,0.958997722,0.956054688,0.856240894
659,0.000269108,651,0.958314351,0.955289519,0.856240894
660,0.00027067,650,0.957175399,0.954123963,0.856240894
661,0.00027256,649,0.957175399,0.954123963,0.856240894
662,0.000275958,648,0.958542141,0.955588092,0.856240894
663,0.000276854,647,0.959225513,0.956309495,0.856240894
664,0.000278607,646,0.961047836,0.958343484,0.856240894
665,0.000280687,645,0.959908884,0.957010259,0.856240894
666,0.000281093,644,0.959681093,0.956776557,0.856240894
667,0.000282863,643,0.959681093,0.956755436,0.856240894
668,0.000283675,642,0.959681093,0.956670747,0.856240894
669,0.000287902,641,0.959225513,0.956245417,0.856240894
670,0.000290934,640,0.959225513,0.956245417,0.856240894
671,0.000295363,639,0.959908884,0.957010259,0.856240894
672,0.000301705,638,0.959681093,0.956839795,0.856240894
673,0.000303058,637,0.960820046,0.957905042,0.856240894
674,0.000304087,636,0.959908884,0.956947162,0.856240894
675,0.000305753,635,0.960820046,0.957884427,0.856240894
676,0.000306306,634,0.959453303,0.956436613,0.856240894
677,0.00030646,633,0.960364465,0.957436399,0.856240894
678,0.000308513,632,0.958542141,0.955501222,0.856240894
679,0.000308745,631,0.960592255,0.957691367,0.856240894
680,0.000309545,630,0.960592255,0.957691367,0.856240894
681,0.000311025,629,0.962186788,0.95943304,0.856240894
682,0.000311947,628,0.962414579,0.959628089,0.856240894
683,0.000312383,627,0.957403189,0.954401366,0.856240894
684,0.000313032,626,0.957403189,0.954401366,0.856240894
685,0.000314921,625,0.958997722,0.955860716,0.856240894
686,0.000316562,624,0.957630979,0.954478708,0.856240894
687,0.000316846,623,0.961958998,0.959078657,0.856240894
688,0.000318208,622,0.957630979,0.954545455,0.856240894
689,0.000318654,621,0.959225513,0.956202594,0.856240894
690,0.000319104,620,0.958314351,0.955333171,0.856240894
691,0.000321083,619,0.95808656,0.955034213,0.856240894
692,0.0003214,618,0.959225513,0.956288156,0.856240894
693,0.000332544,617,0.959681093,0.95669195,0.856240894
694,0.000332842,616,0.962642369,0.959921799,0.856240894
695,0.000336268,615,0.962642369,0.959921799,0.856240894
696,0.000336731,614,0.961047836,0.95816002,0.856240894
697,0.000343465,613,0.960136674,0.957244075,0.856240894
698,0.000343842,612,0.960364465,0.957498779,0.856240894
699,0.00034798,611,0.958314351,0.955267661,0.856240894
700,0.000348755,610,0.960136674,0.957244075,0.856240894
701,0.000349593,609,0.958997722,0.956097561,0.856240894
702,0.000351098,608,0.958769932,0.955713237,0.856240894
703,0.000352861,607,0.960364465,0.957373836,0.856240894
704,0.000353814,606,0.95808656,0.955012225,0.856240894
705,0.000353948,605,0.95808656,0.955012225,0.856240894
706,0.000354957,604,0.960136674,0.957244075,0.856240894
707,0.000355014,603,0.958997722,0.955968689,0.856240894
708,0.000357085,602,0.958542141,0.9555447,0.856240894
709,0.0003586,601,0.958542141,0.955501222,0.856240894
710,0.000358858,600,0.956719818,0.95363592,0.856240894
711,0.000361428,599,0.95785877,0.954845009,0.856240894
712,0.000362222,598,0.958314351,0.955420219,0.856240894
713,0.000362485,597,0.956947608,0.95391368,0.856240894
714,0.000364309,596,0.959453303,0.956564178,0.856240894
715,0.00036455,595,0.956036446,0.952800196,0.856240894
716,0.000365064,594,0.957175399,0.953989232,0.856240894
717,0.000367235,593,0.957175399,0.953989232,0.856240894
718,0.000370042,592,0.960820046,0.957925636,0.856240894
719,0.000371856,591,0.960592255,0.957691367,0.856240894
720,0.00037269,590,0.957175399,0.954056696,0.856240894
721,0.000372981,589,0.958542141,0.955479452,0.856240894
722,0.000375286,588,0.958542141,0.955479452,0.856240894
723,0.000379264,587,0.957403189,0.954245168,0.856240894
724,0.000379988,586,0.958769932,0.955821333,0.856240894
725,0.000380316,585,0.959908884,0.95688388,0.856240894
726,0.000382265,584,0.957630979,0.954523227,0.856240894
727,0.000383073,583,0.957630979,0.954523227,0.856240894
728,0.000389989,582,0.95808656,0.954924057,0.856240894
729,0.000392056,581,0.960592255,0.957629194,0.856240894
730,0.000394988,580,0.960592255,0.957629194,0.856240894
731,0.000395971,579,0.958997722,0.95601173,0.856240894
732,0.000398123,578,0.959225513,0.956224016,0.856240894
733,0.000400189,577,0.960364465,0.957415565,0.856240894
734,0.000400984,576,0.959225513,0.956181151,0.856240894
735,0.000401849,575,0.955808656,0.95259042,0.856240894
736,0.000402047,574,0.960820046,0.957739558,0.856240894
737,0.000403052,573,0.959681093,0.956755436,0.856240894
738,0.000405885,572,0.961958998,0.959038509,0.856240894
739,0.000405966,571,0.958542141,0.955566406,0.856240894
740,0.000411729,570,0.958769932,0.955778158,0.856240894
741,0.000411927,569,0.958997722,0.955968689,0.856240894
742,0.000412918,568,0.960592255,0.957629194,0.856240894
743,0.000413103,567,0.959453303,0.956457926,0.856240894
744,0.0004153,566,0.959453303,0.956457926,0.856240894
745,0.000417304,565,0.959453303,0.956457926,0.856240894
746,0.00041823,564,0.959453303,0.956457926,0.856240894
747,0.00041898,563,0.959225513,0.956266797,0.856240894
748,0.000421115,562,0.959453303,0.956393925,0.856240894
749,0.000421731,561,0.958769932,0.955756539,0.856240894
750,0.000424999,560,0.958769932,0.955713237,0.856240894
751,0.000425024,559,0.95785877,0.954778783,0.856240894
752,0.000425296,558,0.959453303,0.956585366,0.856240894
753,0.000434314,557,0.95808656,0.954946131,0.856240894
754,0.000434869,556,0.959225513,0.956181151,0.856240894
755,0.000436524,555,0.958997722,0.955947137,0.856240894
756,0.000437506,554,0.957403189,0.954200343,0.856240894
757,0.000438101,553,0.957403189,0.954200343,0.856240894
758,0.000439092,552,0.959453303,0.956436613,0.856240894
759,0.000440606,551,0.959453303,0.956500489,0.856240894
760,0.000441438,550,0.959908884,0.956989247,0.856240894
761,0.000441702,549,0.959908884,0.95703125,0.856240894
762,0.000444089,548,0.957403189,0.954245168,0.856240894
763,0.000448301,547,0.957403189,0.954245168,0.856240894
764,0.000454414,546,0.957403189,0.954245168,0.856240894
765,0.000458865,545,0.959225513,0.956224016,0.856240894
766,0.000460738,544,0.960136674,0.957139358,0.856240894
767,0.000461985,543,0.959225513,0.956138201,0.856240894
768,0.000465576,542,0.959225513,0.956138201,0.856240894
769,0.000468328,541,0.958997722,0.955860716,0.856240894
770,0.000470945,540,0.958997722,0.955860716,0.856240894
771,0.000472947,539,0.957175399,0.953989232,0.856240894
772,0.00047349,538,0.95808656,0.954879843,0.856240894
773,0.000478491,537,0.956947608,0.95373317,0.856240894
774,0.000478688,536,0.959453303,0.956479218,0.856240894
775,0.000479732,535,0.959681093,0.956628277,0.856240894
776,0.000480213,534,0.961047836,0.95816002,0.856240894
777,0.000480268,533,0.958542141,0.955479452,0.856240894
778,0.000481159,532,0.960364465,0.957457213,0.856240894
779,0.000481513,531,0.960592255,0.957670663,0.856240894
780,0.000481868,530,0.957175399,0.953966699,0.856240894
781,0.000483539,529,0.959908884,0.956904995,0.856240894
782,0.000483583,528,0.959453303,0.956479218,0.856240894
783,0.00048414,527,0.958542141,0.9555447,0.856240894
784,0.000484176,526,0.958997722,0.956097561,0.856240894
785,0.000488364,525,0.959908884,0.956926089,0.856240894
786,0.000493646,524,0.960592255,0.957649939,0.856240894
787,0.000493755,523,0.958542141,0.955522972,0.856240894
788,0.000494225,522,0.956492027,0.953289313,0.856240894
789,0.000496375,521,0.956492027,0.953289313,0.856240894
790,0.000497151,520,0.957175399,0.954056696,0.856240894
791,0.00050055,519,0.95808656,0.95505618,0.856240894
792,0.000503491,518,0.959453303,0.956393925,0.856240894
793,0.000505046,517,0.957403189,0.954289905,0.856240894
794,0.000506232,516,0.957403189,0.954289905,0.856240894
795,0.000509728,515,0.958769932,0.955756539,0.856240894
796,0.000512623,514,0.95785877,0.954756664,0.856240894
797,0.000515573,513,0.959681093,0.956734295,0.856240894
798,0.000516203,512,0.959681093,0.956734295,0.856240894
799,0.000517815,511,0.959681093,0.956734295,0.856240894
800,0.000527953,510,0.957403189,0.954334554,0.856240894
801,0.000529334,509,0.957175399,0.953989232,0.856240894
802,0.000530619,508,0.959681093,0.956649522,0.856240894
803,0.000531192,507,0.957630979,0.954545455,0.856240894
804,0.00053525,506,0.957175399,0.953966699,0.856240894
805,0.000535473,505,0.960136674,0.95720225,0.856240894
806,0.000538406,504,0.959453303,0.956585366,0.856240894
807,0.000538527,503,0.956492027,0.953425994,0.856240894
808,0.000538891,502,0.958314351,0.955289519,0.856240894
809,0.000541216,501,0.954897494,0.951660156,0.856240894
810,0.000543813,500,0.95785877,0.954690179,0.856240894
811,0.000544168,499,0.957175399,0.95403423,0.856240894
812,0.000546243,498,0.95808656,0.955078125,0.856240894
813,0.0005465,497,0.95808656,0.955078125,0.856240894
814,0.000548072,496,0.956492027,0.953448696,0.856240894
815,0.000549389,495,0.958314351,0.955245781,0.856240894
816,0.000552169,494,0.95808656,0.955078125,0.856240894
817,0.000553551,493,0.958769932,0.955821333,0.856240894
818,0.000560359,492,0.957175399,0.954123963,0.856240894
819,0.00056165,491,0.95785877,0.954822955,0.856240894
820,0.000563196,490,0.95785877,0.954822955,0.856240894
821,0.000565058,489,0.95785877,0.954845009,0.856240894
822,0.00056626,488,0.958997722,0.956054688,0.856240894
823,0.000566784,487,0.958997722,0.956054688,0.856240894
824,0.000574431,486,0.958997722,0.956054688,0.856240894
825,0.00058034,485,0.958997722,0.956054688,0.856240894
826,0.000585324,484,0.958542141,0.955631399,0.856240894
827,0.000585474,483,0.956719818,0.95359062,0.856240894
828,0.000586309,482,0.958314351,0.955180015,0.856240894
829,0.000589204,481,0.958542141,0.955653021,0.856240894
830,0.000590755,480,0.958542141,0.955653021,0.856240894
831,0.000592653,479,0.955580866,0.952357684,0.856240894
832,0.000594107,478,0.955580866,0.952357684,0.856240894
833,0.000595693,477,0.956036446,0.95289236,0.856240894
834,0.000597199,476,0.956719818,0.953613281,0.856240894
835,0.00059753,475,0.95785877,0.95480088,0.856240894
836,0.000602898,474,0.959453303,0.956564178,0.856240894
837,0.000603044,473,0.959453303,0.956479218,0.856240894
838,0.000605088,472,0.957175399,0.954235638,0.856240894
839,0.00060745,471,0.954897494,0.951660156,0.856240894
840,0.000608471,470,0.958314351,0.955333171,0.856240894
841,0.000609262,469,0.95808656,0.954968184,0.856240894
842,0.000610636,468,0.956719818,0.953613281,0.856240894
843,0.000615229,467,0.956719818,0.953522505,0.856240894
844,0.000617186,466,0.956719818,0.95359062,0.856240894
845,0.000617354,465,0.958314351,0.955311355,0.856240894
846,0.000626207,464,0.956947608,0.953801027,0.856240894
847,0.000631722,463,0.958542141,0.955631399,0.856240894
848,0.000632084,462,0.958542141,0.955631399,0.856240894
849,0.000632427,461,0.95785877,0.954822955,0.856240894
850,0.000632581,460,0.957630979,0.954500978,0.856240894
851,0.000633986,459,0.957630979,0.954500978,0.856240894
852,0.000634995,458,0.954897494,0.951494366,0.856240894
853,0.000635132,457,0.959225513,0.956245417,0.856240894
854,0.000635282,456,0.956947608,0.953755811,0.856240894
855,0.000636048,455,0.957403189,0.95431224,0.856240894
856,0.000636575,454,0.95785877,0.954778783,0.856240894
857,0.000639669,453,0.95785877,0.954778783,0.856240894
858,0.000640263,452,0.957175399,0.953989232,0.856240894
859,0.000642997,451,0.95808656,0.954990215,0.856240894
860,0.000644973,450,0.95785877,0.95480088,0.856240894
861,0.00064602,449,0.959681093,0.956797657,0.856240894
862,0.000649867,448,0.959681093,0.956734295,0.856240894
863,0.000654206,447,0.95785877,0.954845009,0.856240894
864,0.00065479,446,0.958314351,0.955245781,0.856240894
865,0.000655316,445,0.959225513,0.956288156,0.856240894
866,0.000655688,444,0.955808656,0.952520803,0.856240894
867,0.000656178,443,0.95808656,0.955034213,0.856240894
868,0.000663272,442,0.95785877,0.954911041,0.856240894
869,0.000663334,441,0.95785877,0.954911041,0.856240894
870,0.000663886,440,0.956492027,0.953425994,0.856240894
871,0.000665939,439,0.955580866,0.9524738,0.856240894
872,0.0006672,438,0.958769932,0.955864423,0.856240894
873,0.000668271,437,0.95808656,0.95518753,0.856240894
874,0.000669614,436,0.956719818,0.953613281,0.856240894
875,0.000671067,435,0.958314351,0.955376737,0.856240894
876,0.000673402,434,0.954897494,0.951636541,0.856240894
877,0.000676971,433,0.956719818,0.95363592,0.856240894
878,0.00067842,432,0.95808656,0.955121951,0.856240894
879,0.000681609,431,0.959681093,0.956860834,0.856240894
880,0.000684252,430,0.958314351,0.955333171,0.856240894
881,0.000684664,429,0.958314351,0.955333171,0.856240894
882,0.000685009,428,0.956947608,0.953823601,0.856240894
883,0.000686999,427,0.956719818,0.953522505,0.856240894
884,0.00068767,426,0.956036446,0.952915345,0.856240894
885,0.000688513,425,0.957630979,0.954456415,0.856240894
886,0.000689107,424,0.955125285,0.951703849,0.856240894
887,0.000690128,423,0.954214123,0.950843727,0.856240894
888,0.000690918,422,0.956036446,0.952961248,0.856240894
889,0.000692398,421,0.956264237,0.953170732,0.856240894
890,0.000694122,420,0.955353075,0.95221843,0.856240894
891,0.000694875,419,0.956492027,0.953334962,0.856240894
892,0.000695004,418,0.95808656,0.955078125,0.856240894
893,0.000696438,417,0.955808656,0.95259042,0.856240894
894,0.000698413,416,0.956264237,0.953170732,0.856240894
895,0.000699923,415,0.953986333,0.950538688,0.856240894
896,0.000703677,414,0.954669704,0.951141665,0.856240894
897,0.000705735,413,0.954669704,0.951141665,0.856240894
898,0.000708287,412,0.95808656,0.954879843,0.856240894
899,0.000710308,411,0.956264237,0.953010279,0.856240894
900,0.000710628,410,0.957403189,0.95431224,0.856240894
901,0.000711098,409,0.955808656,0.95245098,0.856240894
902,0.000712677,408,0.955808656,0.95245098,0.856240894
903,0.00071443,407,0.956492027,0.953334962,0.856240894
904,0.000715694,406,0.956492027,0.953220671,0.856240894
905,0.000716769,405,0.954669704,0.95128519,0.856240894
906,0.000718222,404,0.957175399,0.953989232,0.856240894
907,0.000721071,403,0.955353075,0.951842752,0.856240894
908,0.000721685,402,0.956719818,0.953431373,0.856240894
909,0.000726429,401,0.955353075,0.951984321,0.856240894
910,0.00073114,400,0.953530752,0.950170982,0.856240894
911,0.000731549,399,0.957630979,0.95456766,0.856240894
912,0.000736849,398,0.956492027,0.953357753,0.856240894
913,0.000739257,397,0.956492027,0.953357753,0.856240894
914,0.000739566,396,0.956492027,0.953357753,0.856240894
915,0.000747548,395,0.955580866,0.952404198,0.856240894
916,0.000748555,394,0.956947608,0.95373317,0.856240894
917,0.000750592,393,0.954669704,0.951427874,0.856240894
918,0.000752619,392,0.956264237,0.953079179,0.856240894
919,0.000755269,391,0.957175399,0.95407914,0.856240894
920,0.000756174,390,0.956947608,0.953755811,0.856240894
921,0.000757135,389,0.954441913,0.951100244,0.856240894
922,0.000757497,388,0.955580866,0.952240999,0.856240894
923,0.00075835,387,0.955580866,0.952240999,0.856240894
924,0.000765154,386,0.955580866,0.952334393,0.856240894
925,0.000773929,385,0.955580866,0.952334393,0.856240894
926,0.000776193,384,0.956719818,0.953454189,0.856240894
927,0.000778383,383,0.956719818,0.953454189,0.856240894
928,0.000781274,382,0.956719818,0.953454189,0.856240894
929,0.000785011,381,0.956492027,0.953425994,0.856240894
930,0.000788734,380,0.956947608,0.953891193,0.856240894
931,0.000792965,379,0.95785877,0.954822955,0.856240894
932,0.000793575,378,0.957630979,0.954411765,0.856240894
933,0.000795159,377,0.957403189,0.95415543,0.856240894
934,0.000795929,376,0.953986333,0.950635386,0.856240894
935,0.000797077,375,0.955125285,0.952009744,0.856240894
936,0.000802669,374,0.957175399,0.954101563,0.856240894
937,0.00080522,373,0.954441913,0.951171875,0.856240894
938,0.000810264,372,0.954441913,0.951076321,0.856240894
939,0.000811484,371,0.955353075,0.952101662,0.856240894
940,0.000812214,370,0.953302961,0.94979182,0.856240894
941,0.000815959,369,0.953302961,0.94979182,0.856240894
942,0.000816683,368,0.955808656,0.952544031,0.856240894
943,0.000817162,367,0.953530752,0.950195313,0.856240894
944,0.000817785,366,0.953530752,0.950195313,0.856240894
945,0.000819079,365,0.956264237,0.953079179,0.856240894
946,0.000822626,364,0.954669704,0.951332844,0.856240894
947,0.000823351,363,0.955125285,0.951869045,0.856240894
948,0.000824283,362,0.956036446,0.952753978,0.856240894
949,0.000827193,361,0.956036446,0.952684481,0.856240894
950,0.000828755,360,0.954897494,0.951351351,0.856240894
951,0.000831169,359,0.955808656,0.952520803,0.856240894
952,0.000831355,358,0.954669704,0.951237442,0.856240894
953,0.00083588,357,0.956947608,0.95373317,0.856240894
954,0.000836993,356,0.95785877,0.954712362,0.856240894
955,0.00083772,355,0.956264237,0.953056235,0.856240894
956,0.000838595,354,0.956264237,0.953147877,0.856240894
957,0.000842342,353,0.954441913,0.951100244,0.856240894
958,0.00084302,352,0.955353075,0.952101662,0.856240894
959,0.000846608,351,0.954669704,0.951427874,0.856240894
960,0.000852317,350,0.955580866,0.952404198,0.856240894
961,0.000852387,349,0.95261959,0.94916911,0.856240894
962,0.000853164,348,0.951936219,0.948448571,0.856240894
963,0.000853963,347,0.955125285,0.951798385,0.856240894
964,0.000855972,346,0.952164009,0.948529412,0.856240894
965,0.000858899,345,0.955580866,0.952496955,0.856240894
966,0.000861616,344,0.955125285,0.951869045,0.856240894
967,0.000864332,343,0.954897494,0.951683748,0.856240894
968,0.000867625,342,0.954669704,0.951380406,0.856240894
969,0.000877229,341,0.955808656,0.952636719,0.856240894
970,0.000877825,340,0.956947608,0.953846154,0.856240894
971,0.000878088,339,0.953758542,0.950524007,0.856240894
972,0.000891034,338,0.956492027,0.953403269,0.856240894
973,0.000892436,337,0.955808656,0.952497551,0.856240894
974,0.000893179,336,0.955808656,0.952497551,0.856240894
975,0.000896388,335,0.955580866,0.952334393,0.856240894
976,0.000897859,334,0.957175399,0.953921569,0.856240894
977,0.000901859,333,0.956036446,0.952823271,0.856240894
978,0.000904574,332,0.955580866,0.952380952,0.856240894
979,0.000905098,331,0.954441913,0.951148021,0.856240894
980,0.000913479,330,0.955580866,0.952311079,0.856240894
981,0.000916369,329,0.955125285,0.951939497,0.856240894
982,0.00092841,328,0.955125285,0.951939497,0.856240894
983,0.000929664,327,0.955808656,0.952567237,0.856240894
984,0.000936402,326,0.957175399,0.95407914,0.856240894
985,0.000938508,325,0.956947608,0.95391368,0.856240894
986,0.000939145,324,0.957175399,0.954101563,0.856240894
987,0.000940953,323,0.954441913,0.951171875,0.856240894
988,0.000943257,322,0.956947608,0.953801027,0.856240894
989,0.000944266,321,0.955353075,0.952054795,0.856240894
990,0.000949392,320,0.957630979,0.954545455,0.856240894
991,0.000953786,319,0.957630979,0.954545455,0.856240894
992,0.000953812,318,0.954897494,0.951636541,0.856240894
993,0.000956537,317,0.95785877,0.95480088,0.856240894
994,0.000961298,316,0.956036446,0.952915345,0.856240894
995,0.000961693,315,0.956264237,0.953147877,0.856240894
996,0.000962,314,0.956264237,0.953147877,0.856240894
997,0.000962339,313,0.956947608,0.953868684,0.856240894
998,0.000964759,312,0.957630979,0.954589844,0.856240894
999,0.000965105,311,0.960364465,0.957352941,0.856240894
1000,0.000968518,310,0.958542141,0.955631399,0.856240894
1001,0.00096862,309,0.955353075,0.951984321,0.856240894
1002,0.000969461,308,0.956947608,0.953891193,0.856240894
1003,0.000972734,307,0.956947608,0.953891193,0.856240894
1004,0.000983034,306,0.953758542,0.950281656,0.856240894
1005,0.000988575,305,0.955580866,0.952264382,0.856240894
1006,0.000993024,304,0.955580866,0.952264382,0.856240894
1007,0.000993526,303,0.955125285,0.951703849,0.856240894
1008,0.000997333,302,0.956719818,0.95359062,0.856240894
1009,0.000997543,301,0.957630979,0.954589844,0.856240894
1010,0.000999596,300,0.954441913,0.951171875,0.856240894
1011,0.00100509,299,0.956264237,0.953079179,0.856240894
1012,0.001007171,298,0.956947608,0.95391368,0.856240894
1013,0.001015643,297,0.956036446,0.952984166,0.856240894
1014,0.001018697,296,0.956719818,0.953499755,0.856240894
1015,0.00102105,295,0.956264237,0.953102101,0.856240894
1016,0.001021113,294,0.956492027,0.953448696,0.856240894
1017,0.001023599,293,0.957630979,0.954589844,0.856240894
1018,0.00102463,292,0.955580866,0.952427421,0.856240894
1019,0.001026235,291,0.955580866,0.952427421,0.856240894
1020,0.001026659,290,0.958769932,0.955756539,0.856240894
1021,0.001030015,289,0.956947608,0.953846154,0.856240894
1022,0.001044191,288,0.959681093,0.95669195,0.856240894
1023,0.001056257,287,0.959453303,0.956606533,0.856240894
1024,0.001056905,286,0.959225513,0.956266797,0.856240894
1025,0.0010597,285,0.956947608,0.953958587,0.856240894
1026,0.001062123,284,0.956719818,0.953545232,0.856240894
1027,0.001063991,283,0.955580866,0.952357684,0.856240894
1028,0.001071531,282,0.956947608,0.953981008,0.856240894
1029,0.001074909,281,0.958542141,0.955501222,0.856240894
1030,0.001075307,280,0.95785877,0.954889051,0.856240894
1031,0.001076918,279,0.95808656,0.955034213,0.856240894
1032,0.001079292,278,0.956492027,0.953448696,0.856240894
1033,0.001083385,277,0.956492027,0.953448696,0.856240894
1034,0.001086747,276,0.958314351,0.955376737,0.856240894
1035,0.001089007,275,0.956719818,0.953658537,0.856240894
1036,0.001089876,274,0.95808656,0.954968184,0.856240894
1037,0.001091128,273,0.956492027,0.953357753,0.856240894
1038,0.001091793,272,0.955808656,0.95245098,0.856240894
1039,0.001096506,271,0.955808656,0.95245098,0.856240894
1040,0.001100526,270,0.956036446,0.952777098,0.856240894
1041,0.001101674,269,0.958769932,0.955778158,0.856240894
1042,0.001110833,268,0.954897494,0.951636541,0.856240894
1043,0.00111307,267,0.954897494,0.951636541,0.856240894
1044,0.001113725,266,0.958542141,0.955479452,0.856240894
1045,0.001129312,265,0.955808656,0.952636719,0.856240894
1046,0.001130658,264,0.956492027,0.953403269,0.856240894
1047,0.001137542,263,0.956492027,0.953357753,0.856240894
1048,0.001138619,262,0.955125285,0.951821961,0.856240894
1049,0.001141373,261,0.956492027,0.953357753,0.856240894
1050,0.001146656,260,0.953530752,0.950268162,0.856240894
1051,0.001147266,259,0.959225513,0.956330812,0.856240894
1052,0.001153714,258,0.95284738,0.949450549,0.856240894
1053,0.001163724,257,0.957175399,0.953989232,0.856240894
1054,0.001164313,256,0.955125285,0.952009744,0.856240894
1055,0.001168359,255,0.953530752,0.950146628,0.856240894
1056,0.001170718,254,0.955580866,0.952357684,0.856240894
1057,0.001174824,253,0.95284738,0.949425849,0.856240894
1058,0.001180815,252,0.95284738,0.949450549,0.856240894
1059,0.001182566,251,0.955353075,0.95207824,0.856240894
1060,0.001190928,250,0.954441913,0.951148021,0.856240894
1061,0.001192468,249,0.954669704,0.951380406,0.856240894
1062,0.001197941,248,0.95284738,0.949401124,0.856240894
1063,0.001198754,247,0.953758542,0.950548112,0.856240894
1064,0.001200479,246,0.954441913,0.951219512,0.856240894
1065,0.001215966,245,0.949886105,0.946367626,0.856240894
1066,0.001219435,244,0.953075171,0.949657869,0.856240894
1067,0.001223584,243,0.954669704,0.951309029,0.856240894
1068,0.001234598,242,0.955580866,0.952380952,0.856240894
1069,0.001235089,241,0.953530752,0.950170982,0.856240894
1070,0.001235092,240,0.953530752,0.950122249,0.856240894
1071,0.001237045,239,0.95284738,0.949524506,0.856240894
1072,0.001257994,238,0.95284738,0.949499878,0.856240894
1073,0.001270505,237,0.953986333,0.950611247,0.856240894
1074,0.001273395,236,0.953986333,0.950731707,0.856240894
1075,0.001282491,235,0.956492027,0.953380522,0.856240894
1076,0.001284389,234,0.953530752,0.95,0.856240894
1077,0.00128904,233,0.957175399,0.95403423,0.856240894
1078,0.001301901,232,0.95284738,0.949326805,0.856240894
1079,0.001303053,231,0.954669704,0.951380406,0.856240894
1080,0.001303261,230,0.954669704,0.951380406,0.856240894
1081,0.00130704,229,0.954897494,0.951730863,0.856240894
1082,0.001308391,228,0.955580866,0.952380952,0.856240894
1083,0.001314848,227,0.953530752,0.950146628,0.856240894
1084,0.001316836,226,0.955580866,0.952450622,0.856240894
1085,0.00131842,225,0.953302961,0.949914488,0.856240894
1086,0.001320219,224,0.953302961,0.949914488,0.856240894
1087,0.00132249,223,0.954441913,0.951100244,0.856240894
1088,0.001323591,222,0.953986333,0.950611247,0.856240894
1089,0.00133409,221,0.955353075,0.952148438,0.856240894
1090,0.001337788,220,0.955353075,0.952148438,0.856240894
1091,0.001342813,219,0.955353075,0.952148438,0.856240894
1092,0.001344762,218,0.954897494,0.951660156,0.856240894
1093,0.001344814,217,0.956036446,0.952846323,0.856240894
1094,0.001349681,216,0.954897494,0.951660156,0.856240894
1095,0.001352681,215,0.953530752,0.950340798,0.856240894
1096,0.001355402,214,0.955125285,0.951986351,0.856240894
1097,0.001357747,213,0.955353075,0.952195122,0.856240894
1098,0.001360727,212,0.951708428,0.948317894,0.856240894
1099,0.001406494,211,0.951708428,0.948317894,0.856240894
1100,0.001413533,210,0.953758542,0.95042735,0.856240894
1101,0.001417687,209,0.953758542,0.95042735,0.856240894
1102,0.001425271,208,0.955580866,0.952380952,0.856240894
1103,0.001431484,207,0.955580866,0.952380952,0.856240894
1104,0.001442327,206,0.953986333,0.950707662,0.856240894
1105,0.001455159,205,0.951252847,0.947702835,0.856240894
1106,0.001456913,204,0.95284738,0.949425849,0.856240894
1107,0.001461914,203,0.952164009,0.948680352,0.856240894
1108,0.001464153,202,0.953758542,0.95045155,0.856240894
1109,0.001467331,201,0.95284738,0.949376376,0.856240894
1110,0.001474189,200,0.95261959,0.94916911,0.856240894
1111,0.001481928,199,0.95261959,0.949293028,0.856240894
1112,0.001484157,198,0.954214123,0.950939712,0.856240894
1113,0.001485065,197,0.954214123,0.950795594,0.856240894
1114,0.001485491,196,0.953530752,0.950340798,0.856240894
1115,0.001491236,195,0.9523918,0.94908648,0.856240894
1116,0.001499964,194,0.951252847,0.947677262,0.856240894
1117,0.001500318,193,0.953530752,0.950122249,0.856240894
1118,0.001513614,192,0.954441913,0.9513382,0.856240894
1119,0.001514429,191,0.95261959,0.949293028,0.856240894
1120,0.001514772,190,0.953075171,0.949707031,0.856240894
1121,0.001522269,189,0.951708428,0.948393379,0.856240894
1122,0.001535985,188,0.953075171,0.949657869,0.856240894
1123,0.001543454,187,0.953075171,0.949657869,0.856240894
1124,0.001547461,186,0.954214123,0.950915751,0.856240894
1125,0.001568539,185,0.951480638,0.948137327,0.856240894
1126,0.001570076,184,0.95284738,0.949524506,0.856240894
1127,0.001570364,183,0.953986333,0.950755729,0.856240894
1128,0.001574249,182,0.950569476,0.947086077,0.856240894
1129,0.001577124,181,0.952164009,0.948705423,0.856240894
1130,0.001593729,180,0.954897494,0.951660156,0.856240894
1131,0.00160092,179,0.953986333,0.950562898,0.856240894
1132,0.00161148,178,0.950113895,0.946572335,0.856240894
1133,0.001615068,177,0.953986333,0.950707662,0.856240894
1134,0.001616406,176,0.953986333,0.950707662,0.856240894
1135,0.001622239,175,0.95261959,0.949094469,0.856240894
1136,0.001632468,174,0.955125285,0.951962936,0.856240894
1137,0.001646357,173,0.953758542,0.950403127,0.856240894
1138,0.001647163,172,0.953302961,0.949987802,0.856240894
1139,0.001649041,171,0.9523918,0.94893721,0.856240894
1140,0.001652445,170,0.955353075,0.952171791,0.856240894
1141,0.001655384,169,0.952164009,0.948705423,0.856240894
1142,0.001664521,168,0.954214123,0.951011455,0.856240894
1143,0.001668682,167,0.954214123,0.951011455,0.856240894
1144,0.001686721,166,0.954214123,0.950915751,0.856240894
1145,0.001724522,165,0.951936219,0.948423368,0.856240894
1146,0.001737065,164,0.950341686,0.946751343,0.856240894
1147,0.00174038,163,0.952164009,0.948655257,0.856240894
1148,0.001740712,162,0.953302961,0.950012192,0.856240894
1149,0.00175736,161,0.951936219,0.948498902,0.856240894
1150,0.001758719,160,0.951708428,0.948242188,0.856240894
1151,0.00176236,159,0.953075171,0.949608611,0.856240894
1152,0.001764054,158,0.95284738,0.949401124,0.856240894
1153,0.001768642,157,0.95284738,0.94954911,0.856240894
1154,0.001769261,156,0.953986333,0.950659502,0.856240894
1155,0.001778595,155,0.95284738,0.949401124,0.856240894
1156,0.001778823,154,0.953758542,0.950403127,0.856240894
1157,0.001782461,153,0.951252847,0.947702835,0.856240894
1158,0.001785442,152,0.953075171,0.949608611,0.856240894
1159,0.001785934,151,0.953075171,0.949608611,0.856240894
1160,0.001787717,150,0.950797267,0.947317073,0.856240894
1161,0.001793487,149,0.953302961,0.949987802,0.856240894
1162,0.001797415,148,0.953758542,0.95042735,0.856240894
1163,0.00180078,147,0.9523918,0.949011954,0.856240894
1164,0.001833213,146,0.951480638,0.948086766,0.856240894
1165,0.001839436,145,0.95284738,0.949301984,0.856240894
1166,0.001853077,144,0.951708428,0.948115516,0.856240894
1167,0.001861708,143,0.951480638,0.947909024,0.856240894
1168,0.001871118,142,0.951025057,0.947496947,0.856240894
1169,0.001872802,141,0.95261959,0.949391727,0.856240894
1170,0.001879413,140,0.950797267,0.947291362,0.856240894
1171,0.001882683,139,0.953530752,0.950146628,0.856240894
1172,0.001888823,138,0.9523918,0.949011954,0.856240894
1173,0.001902883,137,0.951480638,0.947883533,0.856240894
1174,0.001903294,136,0.951480638,0.947959932,0.856240894
1175,0.001906071,135,0.950113895,0.946546253,0.856240894
1176,0.001910778,134,0.953530752,0.950170982,0.856240894
1177,0.001912104,133,0.950341686,0.946542423,0.856240894
1178,0.001916929,132,0.952164009,0.948630137,0.856240894
1179,0.001924055,131,0.949658314,0.945952556,0.856240894
1180,0.001928837,130,0.949886105,0.946157611,0.856240894
1181,0.001932948,129,0.952164009,0.94875549,0.856240894
1182,0.00193836,128,0.950113895,0.946546253,0.856240894
1183,0.001941959,127,0.951480638,0.94793449,0.856240894
1184,0.001961241,126,0.951480638,0.94793449,0.856240894
1185,0.001961459,125,0.948747153,0.944947394,0.856240894
1186,0.001962413,124,0.949658314,0.945978978,0.856240894
1187,0.001994766,123,0.952164009,0.94855463,0.856240894
1188,0.002006683,122,0.949658314,0.946005375,0.856240894
1189,0.002006922,121,0.951252847,0.947677262,0.856240894
1190,0.002032152,120,0.948063781,0.944308745,0.856240894
1191,0.002044519,119,0.948747153,0.945054945,0.856240894
1192,0.0020562,118,0.949202733,0.945516736,0.856240894
1193,0.002077425,117,0.953302961,0.949840959,0.856240894
1194,0.002083783,116,0.953302961,0.949840959,0.856240894
1195,0.002084469,115,0.948747153,0.944920441,0.856240894
1196,0.002085416,114,0.949658314,0.945873133,0.856240894
1197,0.002095144,113,0.949658314,0.945633456,0.856240894
1198,0.002098973,112,0.948519362,0.944607843,0.856240894
1199,0.002107498,111,0.948974943,0.945098039,0.856240894
1200,0.002113913,110,0.951936219,0.948398141,0.856240894
1201,0.00213577,109,0.947835991,0.943831248,0.856240894
1202,0.00213685,108,0.949886105,0.946131244,0.856240894
1203,0.002146294,107,0.950113895,0.946231279,0.856240894
1204,0.002150056,106,0.951025057,0.947213356,0.856240894
1205,0.002181101,105,0.950113895,0.946336682,0.856240894
1206,0.002187853,104,0.948747153,0.944866454,0.856240894
1207,0.002190272,103,0.949658314,0.945899633,0.856240894
1208,0.002211088,102,0.951025057,0.947239264,0.856240894
1209,0.002215349,101,0.954214123,0.950553506,0.856240894
1210,0.002233041,100,0.949430524,0.94556155,0.856240894
1211,0.002235343,99,0.950797267,0.946980854,0.856240894
1212,0.002235824,98,0.949430524,0.9455081,0.856240894
1213,0.002261094,97,0.945330296,0.941118744,0.856240894
1214,0.002292429,96,0.94715262,0.943165115,0.856240894
1215,0.002292631,95,0.946697039,0.942815249,0.856240894
1216,0.00231801,94,0.946013667,0.941925999,0.856240894
1217,0.00233761,93,0.9476082,0.94343335,0.856240894
1218,0.002339719,92,0.947835991,0.943803681,0.856240894
1219,0.002345863,91,0.948747153,0.944731024,0.856240894
1220,0.002349998,90,0.94715262,0.942997543,0.856240894
1221,0.002395553,89,0.94738041,0.943451652,0.856240894
1222,0.00240769,88,0.946924829,0.942850135,0.856240894
1223,0.002408225,87,0.94738041,0.943423953,0.856240894
1224,0.002453928,86,0.948063781,0.943980344,0.856240894
1225,0.002454619,85,0.94738041,0.943479325,0.856240894
1226,0.002464658,84,0.946697039,0.942618931,0.856240894
1227,0.002468497,83,0.948974943,0.945232274,0.856240894
1228,0.002493743,82,0.946241458,0.942071674,0.856240894
1229,0.002497002,81,0.946241458,0.942071674,0.856240894
1230,0.002510607,80,0.94715262,0.94305351,0.856240894
1231,0.002522499,79,0.94738041,0.943312883,0.856240894
1232,0.00257808,78,0.944646925,0.940572267,0.856240894
1233,0.002581985,77,0.943280182,0.939045288,0.856240894
1234,0.002599238,76,0.945558087,0.941435923,0.856240894
1235,0.002604074,75,0.943963554,0.939705882,0.856240894
1236,0.002617295,74,0.941685649,0.937316357,0.856240894
1237,0.002641545,73,0.944646925,0.940426575,0.856240894
1238,0.002646266,72,0.940546697,0.936045087,0.856240894
1239,0.002662164,71,0.944191344,0.939699729,0.856240894
1240,0.002663813,70,0.942369021,0.937853107,0.856240894
1241,0.002691714,69,0.944646925,0.940221402,0.856240894
1242,0.002700253,68,0.938952164,0.934345909,0.856240894
1243,0.002743536,67,0.941457859,0.936839518,0.856240894
1244,0.002753977,66,0.942596811,0.938295788,0.856240894
1245,0.002808814,65,0.943052392,0.93872549,0.856240894
1246,0.002824563,64,0.943052392,0.93872549,0.856240894
1247,0.002836858,63,0.94191344,0.937423313,0.856240894
1248,0.002844109,62,0.941685649,0.937162494,0.856240894
1249,0.002857779,61,0.94191344,0.937545922,0.856240894
1250,0.00285906,60,0.940546697,0.93598234,0.856240894
1251,0.002865959,59,0.943963554,0.93979442,0.856240894
1252,0.002866049,58,0.941002278,0.936472897,0.856240894
1253,0.002881276,57,0.940318907,0.935847209,0.856240894
1254,0.002916844,56,0.941457859,0.937056086,0.856240894
1255,0.002926614,55,0.939179954,0.934606907,0.856240894
1256,0.002948622,54,0.941002278,0.93656625,0.856240894
1257,0.00296663,53,0.939863326,0.935546875,0.856240894
1258,0.002974175,52,0.939863326,0.935325821,0.856240894
1259,0.003023324,51,0.940546697,0.93591947,0.856240894
1260,0.003030903,50,0.938724374,0.934020113,0.856240894
1261,0.003040193,49,0.939407745,0.934995112,0.856240894
1262,0.003048097,48,0.941002278,0.93656625,0.856240894
1263,0.003081009,47,0.938724374,0.934278036,0.856240894
1264,0.003226815,46,0.935990888,0.931042945,0.856240894
1265,0.003232582,45,0.937813212,0.932708898,0.856240894
1266,0.003258977,44,0.936218679,0.931170108,0.856240894
1267,0.003349717,43,0.939407745,0.934803922,0.856240894
1268,0.003400341,42,0.939863326,0.935007386,0.856240894
1269,0.003471643,41,0.936218679,0.931338892,0.856240894
1270,0.00362877,40,0.93667426,0.931862745,0.856240894
1271,0.00365836,39,0.941685649,0.937162494,0.856240894
1272,0.003695411,38,0.938724374,0.933922869,0.856240894
1273,0.003699951,37,0.937357631,0.93244903,0.856240894
1274,0.003709135,36,0.940091116,0.935460123,0.856240894
1275,0.003726615,35,0.937129841,0.932386085,0.856240894
1276,0.00374936,34,0.937813212,0.932841328,0.856240894
1277,0.003759076,33,0.937813212,0.932841328,0.856240894
1278,0.003770348,32,0.938041002,0.933365997,0.856240894
1279,0.003798824,31,0.938952164,0.934281511,0.856240894
1280,0.003836874,30,0.939863326,0.935135135,0.856240894
1281,0.003854121,29,0.935763098,0.930916218,0.856240894
1282,0.003928903,28,0.93667426,0.931829328,0.856240894
1283,0.0039684,27,0.935307517,0.930289642,0.856240894
1284,0.003973289,26,0.932118451,0.927068037,0.856240894
1285,0.004265787,25,0.930068337,0.92514021,0.856240894
1286,0.004351222,24,0.929612756,0.924652524,0.856240894
1287,0.004416887,23,0.930068337,0.92477334,0.856240894
1288,0.00450588,22,0.930751708,0.925962007,0.856240894
1289,0.004685202,21,0.931207289,0.926233512,0.856240894
1290,0.005004861,20,0.930296128,0.925073457,0.856240894
1291,0.005234509,19,0.924373576,0.91834727,0.856240894
1292,0.005650478,18,0.928246014,0.922623434,0.856240894
1293,0.005740546,17,0.926879271,0.921110838,0.856240894
1294,0.005831625,16,0.925512528,0.91987258,0.856240894
1295,0.00594454,15,0.913667426,0.907808319,0.856240894
1296,0.006294913,14,0.913667426,0.907718529,0.856240894
1297,0.007011755,13,0.91594533,0.909934098,0.856240894
1298,0.007448018,12,0.908428246,0.901855469,0.856240894
1299,0.007976512,11,0.907289294,0.900513322,0.856240894
1300,0.00820246,10,0.897722096,0.890727671,0.856240894
1301,0.008206704,9,0.89453303,0.886324576,0.856240894
1302,0.008312381,8,0.878132118,0.869607604,0.856240894
1303,0.008769102,7,0.877220957,0.869015796,0.856240894
1304,0.009363244,6,0.873120729,0.863914,0.856240894
1305,0.010385066,5,0.872209567,0.862802641,0.856240894
1306,0.013621725,4,0.850797267,0.847568071,0.856240894
1307,0.018039383,3,0.851025057,0.847267632,0.856240894
1308,0.026485302,2,0.849202733,0.845399346,0.856240894
1309,0.059501432,1,0.848747153,0.841527446,0.856240894
